date,volume
2016-01-01,1341
2016-01-02,2179
2016-01-03,4393
2016-01-04,3302
2016-01-05,2995
2016-01-06,1822
2016-01-07,1637
2016-01-08,1362
2016-01-09,1594
2016-01-10,2386
2016-01-11,1807
2016-01-12,1938
2016-01-13,1655
2016-01-14,1412
2016-01-15,1336
2016-01-16,1553
2016-01-17,2601
2016-01-18,1971
2016-01-19,1906
2016-01-20,1975
2016-01-21,1561
2016-01-22,1450
2016-01-23,1505
2016-01-24,3086
2016-01-25,2119
2016-01-26,2006
2016-01-27,2369
2016-01-28,1830
2016-01-29,2007
2016-01-30,2713
2016-01-31,4873
2016-02-01,2694
2016-02-02,1378
2016-02-03,1375
2016-02-04,1202
2016-02-05,1039
2016-02-06,1003
2016-02-07,1763
2016-02-08,1574
2016-02-09,1716
2016-02-10,1580
2016-02-11,1741
2016-02-12,2007
2016-02-13,1662
2016-02-14,3325
2016-02-15,2274
2016-02-16,1836
2016-02-17,1989
2016-02-18,1635
2016-02-19,1633
2016-02-20,1877
2016-02-21,3227
2016-02-22,2685
2016-02-23,2664
2016-02-24,2369
2016-02-25,2624
2016-02-26,2571
2016-02-27,3075
2016-02-28,5920
2016-02-29,5582
2016-03-01,1677
2016-03-02,1186
2016-03-03,1290
2016-03-04,1194
2016-03-05,1153
2016-03-06,1969
2016-03-07,1484
2016-03-08,1296
2016-03-09,1268
2016-03-10,1177
2016-03-11,1002
2016-03-12,903
2016-03-13,1745
2016-03-14,1529
2016-03-15,1473
2016-03-16,1392
2016-03-17,1240
2016-03-18,1249
2016-03-19,1441
2016-03-20,2672
2016-03-21,2476
2016-03-22,1896
2016-03-23,1223
2016-03-24,893
2016-03-25,1127
2016-03-26,924
2016-03-27,1317
2016-03-28,2523
2016-03-29,1723
2016-03-30,1850
2016-03-31,1442
2016-04-01,866
2016-04-02,702
2016-04-03,1152
2016-04-04,1277
2016-04-05,1839
2016-04-06,1652
2016-04-07,1461
2016-04-08,1482
2016-04-09,1258
2016-04-10,1719
2016-04-11,1538
2016-04-12,1459
2016-04-13,1650
2016-04-14,1080
2016-04-15,1386
2016-04-16,1414
2016-04-17,2394
2016-04-18,1872
2016-04-19,1669
2016-04-20,1541
2016-04-21,1328
2016-04-22,1342
2016-04-23,1687
2016-04-24,3227
2016-04-25,2981
2016-04-26,2770
2016-04-27,2397
2016-04-28,2074
2016-04-29,1834
2016-04-30,1872
2016-05-01,2361
2016-05-02,2110
2016-05-03,2008
2016-05-04,1382
2016-05-05,1251
2016-05-06,1066
2016-05-07,871
2016-05-08,1352
2016-05-09,1408
2016-05-10,1655
2016-05-11,1408
2016-05-12,1212
2016-05-13,1116
2016-05-14,1198
2016-05-15,2233
2016-05-16,3237
2016-05-17,2204
2016-05-18,2083
2016-05-19,1967
2016-05-20,2196
2016-05-21,1780
2016-05-22,4360
2016-05-23,3400
2016-05-24,2682
2016-05-25,2507
2016-05-26,2109
2016-05-27,2073
2016-05-28,1727
2016-05-29,4760
2016-05-30,5068
2016-05-31,4802
2016-06-01,4248
2016-06-02,2103
2016-06-03,1421
2016-06-04,1029
2016-06-05,1671
2016-06-06,1806
2016-06-07,1881
2016-06-08,1974
2016-06-09,1550
2016-06-10,1451
2016-06-11,1553
2016-06-12,3264
2016-06-13,3496
2016-06-14,2986
2016-06-15,2448
2016-06-16,1597
2016-06-17,1789
2016-06-18,1533
2016-06-19,1918
2016-06-20,2526
2016-06-21,2471
2016-06-22,1946
2016-06-23,1887
2016-06-24,1539
2016-06-25,1551
2016-06-26,2825
2016-06-27,3528
2016-06-28,2196
2016-06-29,2374
2016-06-30,2621
2016-07-01,2046
2016-07-02,1558
2016-07-03,2552
2016-07-04,2064
2016-07-05,2334
2016-07-06,1888
2016-07-07,1678
2016-07-08,1654
2016-07-09,1427
2016-07-10,2116
2016-07-11,2981
2016-07-12,2876
2016-07-13,1800
2016-07-14,1519
2016-07-15,1118
2016-07-16,1036
2016-07-17,1626
2016-07-18,1244
2016-07-19,1177
2016-07-20,1221
2016-07-21,1175
2016-07-22,1264
2016-07-23,1104
2016-07-24,1658
2016-07-25,1991
2016-07-26,1833
2016-07-27,2272
2016-07-28,2004
2016-07-29,1971
2016-07-30,2040
2016-07-31,3023
2016-08-01,2819
2016-08-02,3076
2016-08-03,2097
2016-08-04,1659
2016-08-05,1359
2016-08-06,1201
2016-08-07,2094
2016-08-08,2046
2016-08-09,2009
2016-08-10,2486
2016-08-11,3070
2016-08-12,2225
2016-08-13,2104
2016-08-14,2635
2016-08-15,2533
2016-08-16,2454
2016-08-17,2182
2016-08-18,2099
2016-08-19,1832
2016-08-20,2314
2016-08-21,5732
2016-08-22,4490
2016-08-23,3580
2016-08-24,3387
2016-08-25,1945
2016-08-26,1776
2016-08-27,1451
2016-08-28,3069
2016-08-29,2911
2016-08-30,2358
2016-08-31,2446
2016-09-01,2237
2016-09-02,1892
2016-09-03,1666
2016-09-04,4061
2016-09-05,2516
2016-09-06,2270
2016-09-07,2183
2016-09-08,1682
2016-09-09,1566
2016-09-10,1331
2016-09-11,3116
2016-09-12,2399
2016-09-13,1932
2016-09-14,2094
2016-09-15,1720
2016-09-16,2066
2016-09-17,2270
2016-09-18,4178
2016-09-19,3857
2016-09-20,3079
2016-09-21,2122
2016-09-22,1841
2016-09-23,1560
2016-09-24,1538
2016-09-25,2510
2016-09-26,2642
2016-09-27,2406
2016-09-28,2693
2016-09-29,2675
2016-09-30,2570
2016-10-01,1966
2016-10-02,3920
2016-10-03,3220
2016-10-04,2566
2016-10-05,1983
2016-10-06,1808
2016-10-07,1558
2016-10-08,1561
2016-10-09,2850
2016-10-10,2569
2016-10-11,2028
2016-10-12,1823
2016-10-13,1520
2016-10-14,1540
2016-10-15,1692
2016-10-16,2254
2016-10-17,2171
2016-10-18,2337
2016-10-19,2635
2016-10-20,2793
2016-10-21,2251
2016-10-22,2413
2016-10-23,3893
2016-10-24,4044
2016-10-25,3911
2016-10-26,3018
2016-10-27,2393
2016-10-28,2687
2016-10-29,2696
2016-10-30,5477
2016-10-31,4710
2016-11-01,2025
2016-11-02,1863
2016-11-03,1622
2016-11-04,1705
2016-11-05,1672
2016-11-06,3852
2016-11-07,2793
2016-11-08,2882
2016-11-09,3363
2016-11-10,2881
2016-11-11,1793
2016-11-12,1566
2016-11-13,2990
2016-11-14,2464
2016-11-15,2511
2016-11-16,2769
2016-11-17,2844
2016-11-18,1632
2016-11-19,1841
2016-11-20,3988
2016-11-21,2325
2016-11-22,2602
2016-11-23,2824
2016-11-24,2279
2016-11-25,2137
2016-11-26,2256
2016-11-27,4174
2016-11-28,4277
2016-11-29,1938
2016-11-30,1854
2016-12-01,1535
2016-12-02,1421
2016-12-03,1193
2016-12-04,2356
2016-12-05,2281
2016-12-06,2016
2016-12-07,2365
2016-12-08,2113
2016-12-09,1975
2016-12-10,1793
2016-12-11,3325
2016-12-12,3057
2016-12-13,3444
2016-12-14,3331
2016-12-15,2914
2016-12-16,2835
2016-12-17,2884
2016-12-18,5991
2016-12-19,5480
2016-12-20,1802
2016-12-21,1019
2016-12-22,859
2016-12-23,727
2016-12-24,629
2016-12-25,566
2016-12-26,1090
2016-12-27,1864
2016-12-28,2347
2016-12-29,2363
2016-12-30,1917
2016-12-31,1599
2017-01-01,2068
2017-01-02,3198
2017-01-03,3031
2017-01-04,2863
2017-01-05,2701
2017-01-06,2546
2017-01-07,3609
2017-01-08,4993
2017-01-09,3809
2017-01-10,3383
2017-01-11,1590
2017-01-12,1638
2017-01-13,1714
2017-01-14,1718
2017-01-15,2890
2017-01-16,1945
2017-01-17,1987
2017-01-18,1705
2017-01-19,1467
2017-01-20,1522
2017-01-21,1725
2017-01-22,2862
2017-01-23,2665
2017-01-24,2791
2017-01-25,3473
2017-01-26,3460
2017-01-27,3936
2017-01-28,1735
2017-01-29,3120
2017-01-30,2637
2017-01-31,3075
2017-02-01,1395
2017-02-02,1233
2017-02-03,1105
2017-02-04,1101
2017-02-05,2204
2017-02-06,1377
2017-02-07,1465
2017-02-08,1352
2017-02-09,1324
2017-02-10,1421
2017-02-11,1419
2017-02-12,2073
2017-02-13,1467
2017-02-14,1296
2017-02-15,1321
2017-02-16,1221
2017-02-17,1253
2017-02-18,1250
2017-02-19,2084
2017-02-20,2044
2017-02-21,1791
2017-02-22,1236
2017-02-23,2069
2017-02-24,2000
2017-02-25,1806
2017-02-26,2696
2017-02-27,2588
2017-02-28,2322
2017-03-01,2111
2017-03-02,2053
2017-03-03,2456
2017-03-04,2331
2017-03-05,4459
2017-03-06,4249
2017-03-07,5162
2017-03-08,5938
2017-03-09,1470
2017-03-10,965
2017-03-11,1017
2017-03-12,1504
2017-03-13,1361
2017-03-14,1144
2017-03-15,923
2017-03-16,833
2017-03-17,913
2017-03-18,1369
2017-03-19,2192
2017-03-20,1996
2017-03-21,1919
2017-03-22,1838
2017-03-23,1068
2017-03-24,1098
2017-03-25,900
2017-03-26,1474
2017-03-27,1254
2017-03-28,1240
2017-03-29,1406
2017-03-30,1136
2017-03-31,1007
2017-04-01,1184
2017-04-02,1412
2017-04-03,1552
2017-04-04,1385
2017-04-05,1527
2017-04-06,1365
2017-04-07,1297
2017-04-08,1112
2017-04-09,1346
2017-04-10,1932
2017-04-11,2274
2017-04-12,2473
2017-04-13,918
2017-04-14,1021
2017-04-15,945
2017-04-16,1272
2017-04-17,2275
2017-04-18,1592
2017-04-19,1460
2017-04-20,1405
2017-04-21,1303
2017-04-22,1489
2017-04-23,2498
2017-04-24,2231
2017-04-25,2438
2017-04-26,1532
2017-04-27,2038
2017-04-28,2236
2017-04-29,1655
2017-04-30,2789
2017-05-01,2860
2017-05-02,2397
2017-05-03,4065
2017-05-04,4164
2017-05-05,1639
2017-05-06,1170
2017-05-07,2340
2017-05-08,2147
2017-05-09,1717
2017-05-10,1645
2017-05-11,1538
2017-05-12,1794
2017-05-13,1472
2017-05-14,2008
2017-05-15,1761
2017-05-16,1545
2017-05-17,1762
2017-05-18,1323
2017-05-19,1571
2017-05-20,1408
2017-05-21,1968
2017-05-22,1878
2017-05-23,2022
2017-05-24,1940
2017-05-25,1937
2017-05-26,2047
2017-05-27,2258
2017-05-28,4208
2017-05-29,4209
2017-05-30,1981
2017-05-31,1713
2017-06-01,1363
2017-06-02,1243
2017-06-03,1356
2017-06-04,2373
2017-06-05,3884
2017-06-06,2004
2017-06-07,2110
2017-06-08,1646
2017-06-09,1595
2017-06-10,1123
2017-06-11,1878
2017-06-12,2484
2017-06-13,2168
2017-06-14,1960
2017-06-15,1392
2017-06-16,1576
2017-06-17,1162
2017-06-18,1475
2017-06-19,1724
2017-06-20,1806
2017-06-21,1651
2017-06-22,1860
2017-06-23,1778
2017-06-24,1651
2017-06-25,3308
2017-06-26,2513
2017-06-27,2269
2017-06-28,2859
2017-06-29,2392
2017-06-30,2018
2017-07-01,1837
2017-07-02,3241
2017-07-03,2660
2017-07-04,2510
2017-07-05,2214
2017-07-06,2032
2017-07-07,1986
2017-07-08,2161
2017-07-09,3611
2017-07-10,3907
2017-07-11,1565
2017-07-12,1783
2017-07-13,1310
2017-07-14,1311
2017-07-15,1023
2017-07-16,1858
2017-07-17,1569
2017-07-18,1437
2017-07-19,1692
2017-07-20,1594
2017-07-21,1409
2017-07-22,1208
2017-07-23,2969
2017-07-24,2735
2017-07-25,2560
2017-07-26,2024
2017-07-27,1977
2017-07-28,2263
2017-07-29,2329
2017-07-30,4030
2017-07-31,3876
2017-08-01,2437
2017-08-02,1614
2017-08-03,1753
2017-08-04,1593
2017-08-05,1659
2017-08-06,2008
2017-08-07,1980
2017-08-08,2634
2017-08-09,2292
2017-08-10,2438
2017-08-11,2165
2017-08-12,2634
2017-08-13,3223
2017-08-14,2770
2017-08-15,3401
2017-08-16,2175
2017-08-17,3146
2017-08-18,2623
2017-08-19,2111
2017-08-20,3187
2017-08-21,2722
2017-08-22,2375
2017-08-23,2078
2017-08-24,2377
2017-08-25,2021
2017-08-26,1812
2017-08-27,3156
2017-08-28,2761
2017-08-29,2744
2017-08-30,3489
2017-08-31,2714
2017-09-01,1847
2017-09-02,1834
2017-09-03,3014
2017-09-04,2621
2017-09-05,2748
2017-09-06,2082
2017-09-07,1925
2017-09-08,2189
2017-09-09,2077
2017-09-10,3217
2017-09-11,2850
2017-09-12,2364
2017-09-13,2675
2017-09-14,2366
2017-09-15,1809
2017-09-16,2321
2017-09-17,3502
2017-09-18,3885
2017-09-19,4308
2017-09-20,1896
2017-09-21,1442
2017-09-22,1374
2017-09-23,1116
2017-09-24,1872
2017-09-25,2034
2017-09-26,1758
2017-09-27,1766
2017-09-28,1714
2017-09-29,1689
2017-09-30,2012
2017-10-01,2679
2017-10-02,2185
2017-10-03,2240
2017-10-04,2193
2017-10-05,2091
2017-10-06,1658
2017-10-07,1896
2017-10-08,2942
2017-10-09,2345
2017-10-10,1845
2017-10-11,2145
2017-10-12,1673
2017-10-13,2027
2017-10-14,1636
2017-10-15,2218
2017-10-16,2174
2017-10-17,2779
2017-10-18,2620
2017-10-19,2198
2017-10-20,2955
2017-10-21,3977
2017-10-22,7869
2017-10-23,3333
2017-10-24,3705
2017-10-25,4039
2017-10-26,1976
2017-10-27,1892
2017-10-28,1838
2017-10-29,3608
2017-10-30,2756
2017-10-31,3087
2017-11-01,2732
2017-11-02,1956
2017-11-03,2025
2017-11-04,1892
2017-11-05,3705
2017-11-06,2726
2017-11-07,2645
2017-11-08,3126
2017-11-09,2179
2017-11-10,1967
2017-11-11,2087
2017-11-12,4301
2017-11-13,3665
2017-11-14,4001
2017-11-15,4694
2017-11-16,1956
2017-11-17,1376
2017-11-18,1436
2017-11-19,2909
2017-11-20,2657
2017-11-21,2775
2017-11-22,2915
2017-11-23,2372
2017-11-24,2333
2017-11-25,2146
2017-11-26,4465
2017-11-27,3769
2017-11-28,3800
2017-11-29,2045
2017-11-30,1753
2017-12-01,1528
2017-12-02,1358
2017-12-03,2657
2017-12-04,2107
2017-12-05,1895
2017-12-06,2299
2017-12-07,1950
2017-12-08,2092
2017-12-09,2217
2017-12-10,4786
2017-12-11,4940
2017-12-12,2678
2017-12-13,3009
2017-12-14,2583
2017-12-15,2847
2017-12-16,2755
2017-12-17,5281
2017-12-18,5547
2017-12-19,2270
2017-12-20,1316
2017-12-21,896
2017-12-22,834
2017-12-23,833
2017-12-24,885
2017-12-25,702
2017-12-26,1463
2017-12-27,2093
2017-12-28,2185
2017-12-29,1998
2017-12-30,1946
2017-12-31,2137
2018-01-01,2466
2018-01-02,2733
2018-01-03,3236
2018-01-04,2543
2018-01-05,2151
2018-01-06,2289
2018-01-07,3792
2018-01-08,2607
2018-01-09,2691
2018-01-10,2546
2018-01-11,2529
2018-01-12,2189
2018-01-13,2264
2018-01-14,3219
2018-01-15,2855
2018-01-16,2690
2018-01-17,2768
2018-01-18,2586
2018-01-19,2301
2018-01-20,2569
2018-01-21,5170
2018-01-22,4461
2018-01-23,5793
2018-01-24,6789
2018-01-25,2123
2018-01-26,1525
2018-01-27,1540
2018-01-28,2903
2018-01-29,2684
2018-01-30,3014
2018-01-31,3893
2018-02-01,1531
2018-02-02,1312
2018-02-03,1266
2018-02-04,2030
2018-02-05,1653
2018-02-06,1577
2018-02-07,1854
2018-02-08,1335
2018-02-09,1286
2018-02-10,970
2018-02-11,1847
2018-02-12,1502
2018-02-13,1228
2018-02-14,1285
2018-02-15,1423
2018-02-16,1086
2018-02-17,973
2018-02-18,2280
2018-02-19,1841
2018-02-20,1667
2018-02-21,1937
2018-02-22,2154
2018-02-23,2008
2018-02-24,1663
2018-02-25,3168
2018-02-26,2724
2018-02-27,2445
2018-02-28,2769
2018-03-01,2134
2018-03-02,2345
2018-03-03,2728
2018-03-04,4144
2018-03-05,3762
2018-03-06,3937
2018-03-07,5790
2018-03-08,5521
2018-03-09,1496
2018-03-10,1570
2018-03-11,3437
2018-03-12,3193
2018-03-13,1497
2018-03-14,1284
2018-03-15,1043
2018-03-16,1151
2018-03-17,1265
2018-03-18,2360
2018-03-19,1411
2018-03-20,1401
2018-03-21,1402
2018-03-22,1282
2018-03-23,1338
2018-03-24,1373
2018-03-25,2142
2018-03-26,1973
2018-03-27,1478
2018-03-28,1618
2018-03-29,1221
2018-03-30,1064
2018-03-31,1076
2018-04-01,1447
2018-04-02,2420
2018-04-03,1568
2018-04-04,1755
2018-04-05,1305
2018-04-06,983
2018-04-07,797
2018-04-08,1402
2018-04-09,1519
2018-04-10,1365
2018-04-11,1942
2018-04-12,1819
2018-04-13,1122
2018-04-14,931
2018-04-15,1786
2018-04-16,1568
2018-04-17,1236
2018-04-18,1176
2018-04-19,871
2018-04-20,845
2018-04-21,837
2018-04-22,1564
2018-04-23,1913
2018-04-24,2364
2018-04-25,2749
2018-04-26,1527
2018-04-27,1256
2018-04-28,1877
2018-04-29,3718
2018-04-30,3494
2018-05-01,3503
2018-05-02,3505
2018-05-03,1566
2018-05-04,1332
2018-05-05,1051
2018-05-06,1473
2018-05-07,1640
2018-05-08,1506
2018-05-09,1387
2018-05-10,2506
2018-05-11,1850
2018-05-12,1620
2018-05-13,3896
2018-05-14,3280
2018-05-15,3454
2018-05-16,4273
2018-05-17,1579
2018-05-18,1345
2018-05-19,1272
2018-05-20,1535
2018-05-21,2530
2018-05-22,2493
2018-05-23,3320
2018-05-24,1756
2018-05-25,1212
2018-05-26,1024
2018-05-27,2077
2018-05-28,1463
2018-05-29,1231
2018-05-30,1484
2018-05-31,1730
2018-06-01,1270
2018-06-02,1319
2018-06-03,1975
2018-06-04,2054
2018-06-05,2135
2018-06-06,1590
2018-06-07,1508
2018-06-08,1502
2018-06-09,1377
2018-06-10,2480
2018-06-11,2706
2018-06-12,2983
2018-06-13,2799
2018-06-14,1594
2018-06-15,1128
2018-06-16,1171
2018-06-17,1918
2018-06-18,2303
2018-06-19,1819
2018-06-20,1797
2018-06-21,1990
2018-06-22,1688
2018-06-23,1417
2018-06-24,2638
2018-06-25,2271
2018-06-26,1933
2018-06-27,1865
2018-06-28,1579
2018-06-29,1426
2018-06-30,1124
2018-07-01,1880
2018-07-02,1896
2018-07-03,1729
2018-07-04,1924
2018-07-05,1604
2018-07-06,1635
2018-07-07,1369
2018-07-08,2335
2018-07-09,2690
2018-07-10,2437
2018-07-11,1775
2018-07-12,1401
2018-07-13,1119
2018-07-14,963
2018-07-15,1446
2018-07-16,1626
2018-07-17,1995
2018-07-18,1880
2018-07-19,1574
2018-07-20,1511
2018-07-21,1330
2018-07-22,2149
2018-07-23,2039
2018-07-24,1907
2018-07-25,2163
2018-07-26,2008
2018-07-27,1862
2018-07-28,2334
2018-07-29,4083
2018-07-30,3814
2018-07-31,2650
2018-08-01,2657
2018-08-02,2225
2018-08-03,1377
2018-08-04,1150
2018-08-05,1612
2018-08-06,1634
2018-08-07,1889
2018-08-08,1941
2018-08-09,2275
2018-08-10,1900
2018-08-11,1710
2018-08-12,2588
2018-08-13,2963
2018-08-14,2558
2018-08-15,2565
2018-08-16,2206
2018-08-17,1896
2018-08-18,2020
2018-08-19,3277
2018-08-20,2725
2018-08-21,2821
2018-08-22,2772
2018-08-23,2870
2018-08-24,2292
2018-08-25,2442
2018-08-26,3258
2018-08-27,2826
2018-08-28,2423
2018-08-29,2706
2018-08-30,2248
2018-08-31,2056
2018-09-01,1644
2018-09-02,2618
2018-09-03,2671
2018-09-04,2682
2018-09-05,2634
2018-09-06,2822
2018-09-07,1820
2018-09-08,1877
2018-09-09,3055
2018-09-10,2637
2018-09-11,2203
2018-09-12,2324
2018-09-13,1644
2018-09-14,1694
2018-09-15,1651
2018-09-16,2715
2018-09-17,2128
2018-09-18,1875
2018-09-19,1984
2018-09-20,1891
2018-09-21,2290
2018-09-22,2297
2018-09-23,5231
2018-09-24,3840
2018-09-25,3666
2018-09-26,2244
2018-09-27,1692
2018-09-28,1738
2018-09-29,1412
2018-09-30,2771
2018-10-01,2531
2018-10-02,2745
2018-10-03,2001
2018-10-04,1635
2018-10-05,1214
2018-10-06,1290
2018-10-07,2454
2018-10-08,1940
2018-10-09,1845
2018-10-10,2166
2018-10-11,2288
2018-10-12,1834
2018-10-13,1504
2018-10-14,2913
2018-10-15,2736
2018-10-16,2480
2018-10-17,2630
2018-10-18,2321
2018-10-19,2596
2018-10-20,3014
2018-10-21,5144
2018-10-22,2932
2018-10-23,3293
2018-10-24,3697
2018-10-25,2517
2018-10-26,2311
2018-10-27,2094
2018-10-28,3962
2018-10-29,2828
2018-10-30,2947
2018-10-31,2682
2018-11-01,2254
2018-11-02,2267
2018-11-03,2166
2018-11-04,4182
2018-11-05,3751
2018-11-06,3559
2018-11-07,4218
2018-11-08,2005
2018-11-09,1561
2018-11-10,1705
2018-11-11,2927
2018-11-12,2388
2018-11-13,2514
2018-11-14,2333
2018-11-15,2066
2018-11-16,2066
2018-11-17,2167
2018-11-18,3892
2018-11-19,3230
2018-11-20,2155
2018-11-21,2715
2018-11-22,2747
2018-11-23,4734
2018-11-24,3678
2018-11-25,8801
2018-11-26,4860
2018-11-27,2180
2018-11-28,2142
2018-11-29,2046
2018-11-30,1678
2018-12-01,1605
2018-12-02,3231
2018-12-03,2515
2018-12-04,2113
2018-12-05,2114
2018-12-06,2129
2018-12-07,2588
2018-12-08,2647
2018-12-09,4761
2018-12-10,4078
2018-12-11,2666
2018-12-12,2775
2018-12-13,2636
2018-12-14,2688
2018-12-15,2490
2018-12-16,5421
2018-12-17,5687
2018-12-18,2274
2018-12-19,1421
2018-12-20,960
2018-12-21,1010
2018-12-22,927
2018-12-23,1440
2018-12-24,908
2018-12-25,711
2018-12-26,1372
2018-12-27,2720
2018-12-28,2457
2018-12-29,2407
2018-12-30,3560
2018-12-31,2293
2019-01-01,2922
2019-01-02,3612
2019-01-03,3364
2019-01-04,3219
2019-01-05,3279
2019-01-06,4993
2019-01-07,3833
2019-01-08,4038
2019-01-09,4339
2019-01-10,2360
2019-01-11,3087
2019-01-12,2881
2019-01-13,3980
2019-01-14,2480
2019-01-15,2495
2019-01-16,2864
2019-01-17,2775
2019-01-18,2338
2019-01-19,2624
2019-01-20,4805
2019-01-21,4007
2019-01-22,4645
2019-01-23,6358
2019-01-24,6350
2019-01-25,2111
2019-01-26,2110
2019-01-27,3468
2019-01-28,2709
2019-01-29,2756
2019-01-30,4230
2019-01-31,5114
2019-02-01,1940
2019-02-02,1610
2019-02-03,2226
2019-02-04,1846
2019-02-05,1701
2019-02-06,1965
2019-02-07,1640
2019-02-08,1639
2019-02-09,1665
2019-02-10,3085
2019-02-11,2471
2019-02-12,2411
2019-02-13,2594
2019-02-14,1159
2019-02-15,919
2019-02-16,804
2019-02-17,1250
2019-02-18,1298
2019-02-19,1213
2019-02-20,1310
2019-02-21,1447
2019-02-22,1241
2019-02-23,972
2019-02-24,1537
2019-02-25,1362
2019-02-26,1263
2019-02-27,1311
2019-02-28,1269
2019-03-01,1224
2019-03-02,1244
2019-03-03,2650
2019-03-04,1956
2019-03-05,1676
2019-03-06,1958
2019-03-07,1663
2019-03-08,1228
2019-03-09,1361
2019-03-10,2985
2019-03-11,2221
2019-03-12,2048
2019-03-13,2808
2019-03-14,2494
2019-03-15,2074
2019-03-16,2132
2019-03-17,3495
2019-03-18,2281
2019-03-19,2015
2019-03-20,2074
2019-03-21,2084
2019-03-22,1660
2019-03-23,2200
2019-03-24,3790
2019-03-25,4461
2019-03-26,4720
2019-03-27,5402
2019-03-28,1583
2019-03-29,1179
2019-03-30,789
2019-03-31,1768
2019-04-01,1508
2019-04-02,1726
2019-04-03,1707
2019-04-04,1468
2019-04-05,1180
2019-04-06,1198
2019-04-07,1907
2019-04-08,1844
2019-04-09,1398
2019-04-10,1450
2019-04-11,1331
2019-04-12,1248
2019-04-13,1165
2019-04-14,2079
2019-04-15,1730
2019-04-16,1750
2019-04-17,1381
2019-04-18,1026
2019-04-19,861
2019-04-20,655
2019-04-21,795
2019-04-22,1273
2019-04-23,1993
2019-04-24,1839
2019-04-25,1500
2019-04-26,1329
2019-04-27,1940
2019-04-28,3249
2019-04-29,2680
2019-04-30,2943
2019-05-01,3013
2019-05-02,2339
2019-05-03,2170
2019-05-04,2406
2019-05-05,4305
2019-05-06,2938
2019-05-07,3006
2019-05-08,3276
2019-05-09,2414
2019-05-10,1963
2019-05-11,1916
2019-05-12,3223
2019-05-13,3060
2019-05-14,3649
2019-05-15,4387
2019-05-16,1781
2019-05-17,1449
2019-05-18,1084
2019-05-19,2282
2019-05-20,2683
2019-05-21,2614
2019-05-22,2830
2019-05-23,1614
2019-05-24,1560
2019-05-25,1222
2019-05-26,2136
2019-05-27,2090
2019-05-28,2371
2019-05-29,1602
2019-05-30,2399
2019-05-31,1638
2019-06-01,1201
2019-06-02,1870
2019-06-03,2489
2019-06-04,2110
2019-06-05,2511
2019-06-06,1939
2019-06-07,2038
2019-06-08,2378
2019-06-09,2435
2019-06-10,5040
2019-06-11,3614
2019-06-12,2573
2019-06-13,2288
2019-06-14,1777
2019-06-15,1658
2019-06-16,2429
2019-06-17,1903
2019-06-18,1819
2019-06-19,2682
2019-06-20,2504
2019-06-21,1979
2019-06-22,1622
2019-06-23,3174
2019-06-24,4039
2019-06-25,4049
2019-06-26,2445
2019-06-27,1799
2019-06-28,1392
2019-06-29,1333
2019-06-30,2818
2019-07-01,2734
2019-07-02,1974
2019-07-03,1805
2019-07-04,1569
2019-07-05,1509
2019-07-06,1418
2019-07-07,2323
2019-07-08,2313
2019-07-09,1997
2019-07-10,2016
2019-07-11,1769
2019-07-12,2051
2019-07-13,1706
2019-07-14,3334
2019-07-15,2778
2019-07-16,1687
2019-07-17,1279
2019-07-18,1285
2019-07-19,1398
2019-07-20,1781
2019-07-21,1841
2019-07-22,1713
2019-07-23,1554
2019-07-24,1812
2019-07-25,1826
2019-07-26,1553
2019-07-27,1654
2019-07-28,2721
2019-07-29,2250
2019-07-30,2379
2019-07-31,3577
2019-08-01,1833
2019-08-02,1824
2019-08-03,1597
2019-08-04,2114
2019-08-05,2069
2019-08-06,2347
2019-08-07,2368
2019-08-08,2510
2019-08-09,2382
2019-08-10,2222
2019-08-11,3292
2019-08-12,3406
2019-08-13,3319
2019-08-14,2687
2019-08-15,2585
2019-08-16,2237
2019-08-17,2456
2019-08-18,3886
2019-08-19,2961
2019-08-20,2661
2019-08-21,2378
2019-08-22,2196
2019-08-23,2015
2019-08-24,1751
2019-08-25,2646
2019-08-26,3267
2019-08-27,2996
2019-08-28,3347
2019-08-29,2210
2019-08-30,1948
2019-08-31,1712
2019-09-01,2725
2019-09-02,2027
2019-09-03,2077
2019-09-04,2385
2019-09-05,2084
2019-09-06,1769
2019-09-07,1960
2019-09-08,3596
2019-09-09,2906
2019-09-10,2892
2019-09-11,3006
2019-09-12,1585
2019-09-13,1425
2019-09-14,1192
2019-09-15,2090
2019-09-16,2043
2019-09-17,1892
2019-09-18,1943
2019-09-19,1727
2019-09-20,1793
2019-09-21,1379
2019-09-22,2241
2019-09-23,2914
2019-09-24,3078
2019-09-25,3562
2019-09-26,2121
2019-09-27,1869
2019-09-28,1863
2019-09-29,3737
2019-09-30,2596
2019-10-01,2402
2019-10-02,2102
2019-10-03,1989
2019-10-04,1503
2019-10-05,1290
2019-10-06,3014
2019-10-07,1947
2019-10-08,1876
2019-10-09,2506
2019-10-10,2311
2019-10-11,2148
2019-10-12,2292
2019-10-13,3248
2019-10-14,2529
2019-10-15,2407
2019-10-16,2532
2019-10-17,2318
2019-10-18,2399
2019-10-19,2343
2019-10-20,4224
2019-10-21,4023
2019-10-22,3055
2019-10-23,6925
2019-10-24,2533
2019-10-25,2158
2019-10-26,1863
2019-10-27,4257
2019-10-28,2783
2019-10-29,2901
2019-10-30,3304
2019-10-31,2176
2019-11-01,1983
2019-11-02,2058
2019-11-03,3571
2019-11-04,2935
2019-11-05,3369
2019-11-06,3691
2019-11-07,4156
2019-11-08,2128
2019-11-09,2417
2019-11-10,3885
2019-11-11,4092
2019-11-12,4532
2019-11-13,5286
2019-11-14,1686
2019-11-15,1523
2019-11-16,1607
2019-11-17,2584
2019-11-18,2457
2019-11-19,2339
2019-11-20,2462
2019-11-21,2500
2019-11-22,2120
2019-11-23,2342
2019-11-24,3825
2019-11-25,2618
2019-11-26,2984
2019-11-27,3484
2019-11-28,3049
2019-11-29,3525
2019-11-30,2773
2019-12-01,6289
2019-12-02,3539
2019-12-03,1907
2019-12-04,1912
2019-12-05,1728
2019-12-06,1767
2019-12-07,1613
2019-12-08,3528
2019-12-09,3402
2019-12-10,2580
2019-12-11,2516
2019-12-12,2172
2019-12-13,2144
2019-12-14,1299
2019-12-15,1904
2019-12-16,1515
2019-12-17,1187
2019-12-18,1016
2019-12-19,997
2019-12-20,971
2019-12-21,712
2019-12-22,1237
2019-12-23,1074
2019-12-24,974
2019-12-25,636
2019-12-26,1067
2019-12-27,1688
2019-12-28,1739
2019-12-29,2649
2019-12-30,2454
2019-12-31,1888
2020-01-01,2020
2020-01-02,3415
2020-01-03,3347
2020-01-04,3011
2020-01-05,5208
2020-01-06,3129
2020-01-07,3161
2020-01-08,3161
2020-01-09,2873
2020-01-10,2495
2020-01-11,2232
2020-01-12,4169
2020-01-13,2470
2020-01-14,2488
2020-01-15,2656
2020-01-16,2124
2020-01-17,2303
2020-01-18,2545
2020-01-19,4058
2020-01-20,3642
2020-01-21,4111
2020-01-22,5324
2020-01-23,5138
2020-01-24,1937
2020-01-25,1921
2020-01-26,2824
2020-01-27,2687
2020-01-28,3001
2020-01-29,3747
2020-01-30,1853
2020-01-31,1517
2020-02-01,1349
2020-02-02,2502
2020-02-03,1822
2020-02-04,1710
2020-02-05,1858
2020-02-06,1417
2020-02-07,1196
2020-02-08,1367
2020-02-09,3342
2020-02-10,2166
2020-02-11,1767
2020-02-12,1832
2020-02-13,1429
2020-02-14,1215
2020-02-15,1304
2020-02-16,2948
2020-02-17,1985
2020-02-18,2310
2020-02-19,2125
2020-02-20,1308
2020-02-21,1016
2020-02-22,1133
2020-02-23,2393
2020-02-24,1941
2020-02-25,2324
2020-02-26,2840
2020-02-27,2295
2020-02-28,1964
2020-02-29,1982
2020-03-01,3399
2020-03-02,2397
2020-03-03,1951
2020-03-04,2224
2020-03-05,2004
2020-03-06,1934
2020-03-07,1757
2020-03-08,4230
2020-03-09,3586
2020-03-10,3949
2020-03-11,4130
2020-03-12,1238
2020-03-13,1192
2020-03-14,937
2020-03-15,1751
2020-03-16,1128
2020-03-17,1245
2020-03-18,1340
2020-03-19,1379
2020-03-20,1595
2020-03-21,1673
2020-03-22,2630
2020-03-23,2139
2020-03-24,2377
2020-03-25,1733
2020-03-26,1857
2020-03-27,1667
2020-03-28,1746
2020-03-29,3571
2020-03-30,3124
2020-03-31,2343
2020-04-01,2037
2020-04-02,2035
2020-04-03,1881
2020-04-04,1458
2020-04-05,1871
2020-04-06,2029
2020-04-07,1766
2020-04-08,1573
2020-04-09,1734
2020-04-10,1122
2020-04-11,1009
2020-04-12,1210
2020-04-13,3058
2020-04-14,2274
2020-04-15,2131
2020-04-16,1523
2020-04-17,1457
2020-04-18,2180
2020-04-19,2337
2020-04-20,2175
2020-04-21,2041
2020-04-22,2380
2020-04-23,2332
2020-04-24,1692
2020-04-25,1942
2020-04-26,3823
2020-04-27,4812
2020-04-28,3375
2020-04-29,4583
2020-04-30,3388
2020-05-01,3665
2020-05-02,3555
2020-05-03,4108
2020-05-04,3686
2020-05-05,4346
2020-05-06,3040
2020-05-07,1819
2020-05-08,1613
2020-05-09,1345
2020-05-10,2956
2020-05-11,3202
2020-05-12,3307
2020-05-13,4409
2020-05-14,4857
2020-05-15,1874
2020-05-16,1611
2020-05-17,1788
2020-05-18,1739
2020-05-19,1770
2020-05-20,2347
2020-05-21,1045
2020-05-22,1245
2020-05-23,1204
2020-05-24,2491
2020-05-25,1577
2020-05-26,1165
2020-05-27,1316
2020-05-28,1272
2020-05-29,1186
2020-05-30,968
2020-05-31,1261
2020-06-01,1547
2020-06-02,1261
2020-06-03,1343
2020-06-04,1671
2020-06-05,2324
2020-06-06,1978
2020-06-07,3965
2020-06-08,3222
2020-06-09,1884
2020-06-10,1848
2020-06-11,1841
2020-06-12,1316
2020-06-13,1042
2020-06-14,2324
2020-06-15,2051
2020-06-16,2158
2020-06-17,1893
2020-06-18,1815
2020-06-19,1493
2020-06-20,1249
2020-06-21,2266
2020-06-22,2892
2020-06-23,2441
2020-06-24,3195
2020-06-25,1427
2020-06-26,1142
2020-06-27,1228
2020-06-28,2433
2020-06-29,3259
2020-06-30,3397
2020-07-01,1656
2020-07-02,1383
2020-07-03,1309
2020-07-04,1391
2020-07-05,2355
2020-07-06,1954
2020-07-07,1477
2020-07-08,1712
2020-07-09,1594
2020-07-10,1291
2020-07-11,1089
2020-07-12,1701
2020-07-13,1826
2020-07-14,1496
2020-07-15,1266
2020-07-16,1287
2020-07-17,945
2020-07-18,707
2020-07-19,1246
2020-07-20,1494
2020-07-21,1181
2020-07-22,1237
2020-07-23,1134
2020-07-24,1282
2020-07-25,1516
2020-07-26,1885
2020-07-27,1966
2020-07-28,1819
2020-07-29,2016
2020-07-30,1857
2020-07-31,1210
2020-08-01,783
2020-08-02,1325
2020-08-03,1625
2020-08-04,1349
2020-08-05,1186
2020-08-06,1173
2020-08-07,1021
2020-08-08,1140
2020-08-09,1583
2020-08-10,1660
2020-08-11,1628
2020-08-12,1842
2020-08-13,2001
2020-08-14,1333
2020-08-15,1195
2020-08-16,1948
2020-08-17,1976
2020-08-18,1670
2020-08-19,1861
2020-08-20,1693
2020-08-21,1617
2020-08-22,1832
2020-08-23,3097
2020-08-24,2430
2020-08-25,2823
2020-08-26,3223
2020-08-27,2929
2020-08-28,1839
2020-08-29,1846
2020-08-30,3145
2020-08-31,2312
2020-09-01,1822
2020-09-02,1656
2020-09-03,2039
2020-09-04,1577
2020-09-05,1510
2020-09-06,2886
2020-09-07,2322
2020-09-08,2565
2020-09-09,3358
2020-09-10,2897
2020-09-11,1272
2020-09-12,1196
2020-09-13,1509
2020-09-14,1453
2020-09-15,1148
2020-09-16,1332
2020-09-17,1315
2020-09-18,1175
2020-09-19,1072
2020-09-20,1863
2020-09-21,1674
2020-09-22,1789
2020-09-23,1989
2020-09-24,1733
2020-09-25,1742
2020-09-26,1575
2020-09-27,2843
2020-09-28,2333
2020-09-29,2165
2020-09-30,2405
2020-10-01,1855
2020-10-02,1762
2020-10-03,2022
2020-10-04,3019
2020-10-05,2317
2020-10-06,2249
2020-10-07,2151
2020-10-08,2068
2020-10-09,1694
2020-10-10,2054
2020-10-11,3274
2020-10-12,2586
2020-10-13,2551
2020-10-14,3488
2020-10-15,3792
2020-10-16,1327
2020-10-17,1549
2020-10-18,2302
2020-10-19,1861
2020-10-20,1943
2020-10-21,2227
2020-10-22,1864
2020-10-23,1724
2020-10-24,1859
2020-10-25,3419
2020-10-26,2676
2020-10-27,3177
2020-10-28,3428
2020-10-29,1893
2020-10-30,1644
2020-10-31,1887
2020-11-01,4289
2020-11-02,3507
2020-11-03,1656
2020-11-04,1764
2020-11-05,1799
2020-11-06,2053
2020-11-07,1679
2020-11-08,3011
2020-11-09,3280
2020-11-10,3518
2020-11-11,5330
2020-11-12,1573
2020-11-13,1574
2020-11-14,1258
2020-11-15,2510
2020-11-16,1949
2020-11-17,1884
2020-11-18,1711
2020-11-19,1888
2020-11-20,1812
2020-11-21,1836
2020-11-22,2820
2020-11-23,2890
2020-11-24,3179
2020-11-25,3664
2020-11-26,1955
2020-11-27,1984
2020-11-28,1586
2020-11-29,2399
2020-11-30,2249
2020-12-01,2035
2020-12-02,2572
2020-12-03,1977
2020-12-04,1796
2020-12-05,1336
2020-12-06,2902
2020-12-07,2735
2020-12-08,2803
2020-12-09,3438
2020-12-10,4154
2020-12-11,1595
2020-12-12,1791
2020-12-13,3108
2020-12-14,2236
2020-12-15,3127
2020-12-16,2833
2020-12-17,1521
2020-12-18,1240
2020-12-19,1163
2020-12-20,1633
2020-12-21,1791
2020-12-22,1491
2020-12-23,1467
2020-12-24,970
2020-12-25,529
2020-12-26,1352
2020-12-27,3147
2020-12-28,2936
2020-12-29,2988
2020-12-30,2916
2020-12-31,2151
2021-01-01,2622
2021-01-02,3737
2021-01-03,5842
2021-01-04,4509
2021-01-05,4165
2021-01-06,4325
2021-01-07,1712
2021-01-08,2281
2021-01-09,2922
2021-01-10,3935
2021-01-11,2800
2021-01-12,2244
2021-01-13,2300
2021-01-14,2310
2021-01-15,2378
2021-01-16,2752
2021-01-17,4419
2021-01-18,3375
2021-01-19,4298
2021-01-20,5213
2021-01-21,5847
2021-01-22,1678
2021-01-23,2025
2021-01-24,3001
2021-01-25,2713
2021-01-26,3058
2021-01-27,4010
2021-01-28,1755
2021-01-29,1521
2021-01-30,1787
2021-01-31,2545
2021-02-01,1873
2021-02-02,1891
2021-02-03,2160
2021-02-04,1315
2021-02-05,1414
2021-02-06,1465
2021-02-07,2472
2021-02-08,2030
2021-02-09,1752
2021-02-10,1619
2021-02-11,1352
2021-02-12,1312
2021-02-13,1112
2021-02-14,1838
2021-02-15,2758
2021-02-16,2728
2021-02-17,2795
2021-02-18,1424
2021-02-19,1082
2021-02-20,969
2021-02-21,1211
2021-02-22,1188
2021-02-23,1157
2021-02-24,2038
2021-02-25,2225
2021-02-26,1631
2021-02-27,1722
2021-02-28,2373
2021-03-01,2072
2021-03-02,1762
2021-03-03,1835
2021-03-04,1785
2021-03-05,1647
2021-03-06,1879
2021-03-07,3213
2021-03-08,2991
2021-03-09,3961
2021-03-10,4021
2021-03-11,1287
2021-03-12,1283
2021-03-13,1315
2021-03-14,2020
2021-03-15,1856
2021-03-16,1342
2021-03-17,1199
2021-03-18,1120
2021-03-19,1046
2021-03-20,1091
2021-03-21,1877
2021-03-22,2028
2021-03-23,1989
2021-03-24,1694
2021-03-25,1270
2021-03-26,1051
2021-03-27,1185
2021-03-28,1773
2021-03-29,1393
2021-03-30,1118
2021-03-31,946
2021-04-01,874
2021-04-02,789
2021-04-03,788
2021-04-04,1027
2021-04-05,1908
2021-04-06,1481
2021-04-07,1680
2021-04-08,1343
2021-04-09,971
2021-04-10,1282
2021-04-11,1794
2021-04-12,1450
2021-04-13,1244
2021-04-14,1406
2021-04-15,1319
2021-04-16,1034
2021-04-17,844
2021-04-18,1250
2021-04-19,1406
2021-04-20,1407
2021-04-21,1572
2021-04-22,1498
2021-04-23,892
2021-04-24,872
2021-04-25,2945
2021-04-26,2761
2021-04-27,2632
2021-04-28,1674
2021-04-29,2263
2021-04-30,1620
2021-05-01,1580
2021-05-02,2434
2021-05-03,2197
2021-05-04,2109
2021-05-05,2750
2021-05-06,2135
2021-05-07,1377
2021-05-08,1589
2021-05-09,1835
2021-05-10,2322
2021-05-11,2405
2021-05-12,2921
2021-05-13,974
2021-05-14,1011
2021-05-15,1193
2021-05-16,2316
2021-05-17,1832
2021-05-18,1859
2021-05-19,1966
2021-05-20,834
2021-05-21,928
2021-05-22,1017
2021-05-23,1075
2021-05-24,1734
2021-05-25,1281
2021-05-26,1385
2021-05-27,1432
2021-05-28,795
2021-05-29,617
2021-05-30,964
2021-05-31,1111
2021-06-01,854
2021-06-02,842
2021-06-03,967
2021-06-04,780
2021-06-05,902
2021-06-06,1239
2021-06-07,1255
2021-06-08,1187
2021-06-09,1536
2021-06-10,907
2021-06-11,1210
2021-06-12,944
2021-06-13,1122
2021-06-14,1427
2021-06-15,1346
2021-06-16,1336
2021-06-17,1293
2021-06-18,1148
2021-06-19,1270
2021-06-20,2212
2021-06-21,2786
2021-06-22,2639
2021-06-23,1419
2021-06-24,1233
2021-06-25,1266
2021-06-26,1020
2021-06-27,1662
2021-06-28,2335
2021-06-29,2367
2021-06-30,2661
2021-07-01,3037
2021-07-02,1076
2021-07-03,835
2021-07-04,1524
2021-07-05,1743
2021-07-06,1601
2021-07-07,1455
2021-07-08,1182
2021-07-09,1000
2021-07-10,782
2021-07-11,1471
2021-07-12,1518
2021-07-13,1697
2021-07-14,1648
2021-07-15,1416
2021-07-16,993
2021-07-17,678
2021-07-18,889
2021-07-19,1265
2021-07-20,1191
2021-07-21,1078
2021-07-22,916
2021-07-23,948
2021-07-24,982
2021-07-25,1549
2021-07-26,1579
2021-07-27,1445
2021-07-28,1414
2021-07-29,1458
2021-07-30,1344
2021-07-31,1346
2021-08-01,2474
2021-08-02,2236
2021-08-03,1287
2021-08-04,1270
2021-08-05,1132
2021-08-06,1286
2021-08-07,1144
2021-08-08,1955
2021-08-09,1937
2021-08-10,1723
2021-08-11,1300
2021-08-12,1352
2021-08-13,1225
2021-08-14,1196
2021-08-15,2138
2021-08-16,2908
2021-08-17,2158
2021-08-18,1945
2021-08-19,1882
2021-08-20,1585
2021-08-21,1156
2021-08-22,2582
2021-08-23,2070
2021-08-24,1826
2021-08-25,1707
2021-08-26,1990
2021-08-27,1844
2021-08-28,1812
2021-08-29,3668
2021-08-30,3236
2021-08-31,1893
